Ax,Ay,Az,Gx,Gy,Gz,Posture
-2.275117244581975,0.6546299217351221,9.18954433349793,0.6842250616328776,-0.45841342190918594,-0.062073590136384194,LEFT
-1.8604793538999311,0.803154585441958,8.767648746390593,-0.2625849035890739,-0.28569008287707076,-0.46204141887355243,LEFT
0.5243576739775907,1.7413764900152526,8.07447801595711,-0.08193355824738509,-0.7381648465773007,0.7434904790236002,BENT
1.7278086377374087,0.5332767769129598,8.539602569031079,0.18784900917283598,-0.3003193449594025,-0.1458468748966384,RIGHT
2.389596317257502,0.16967067309504996,9.452091277558814,0.18655945736470933,-0.19323647528227775,-0.5793851209625412,RIGHT
0.9939523544309431,1.9367969057430685,9.58915652077622,0.5968198621411587,0.10931915802693123,0.4408805194743053,BENT
2.3729297709127155,-0.05097497179526578,9.225785695422054,0.012750334040674187,0.23659662473001164,0.32959529921449215,RIGHT
-2.230319385479894,0.8171366678656746,9.137447315827384,-0.881520077681367,0.1620419846973975,-0.19254114020815827,LEFT
-0.008707360494699582,-0.055060182049278567,9.331079961624047,-0.3978154960685066,0.46529220038555097,0.33888370483667074,STRAIGHT
-2.103582945052287,0.312956781504512,8.396738684181006,0.5498234878924102,-0.08886606063532757,-0.20519165434315023,LEFT
2.47500269775359,1.0179549405726092,9.183154030800006,-0.8421436891829407,0.16342261198500693,-0.04055947707934365,RIGHT
-1.819302197245793,0.9614109699397908,8.98566958435602,0.7823218279070031,-1.3098725520448722,0.4109512521876119,LEFT
0.947713190291099,1.3876774833892986,8.170091368169166,0.48058688320917753,0.897140421504293,0.29034477086501304,BENT
-0.10688329073470104,-0.2990107741628672,9.563222501390625,0.3718556418856134,-0.10608071085581326,-0.21343439701986142,STRAIGHT
1.6172236982582289,1.8586521534843785,7.894838991326332,-0.15808294840488618,-0.7412121234294566,-0.11442375811950808,BENT
2.0485387746740202,0.7905934971598667,8.71917876244906,-0.1638310732988841,-0.19605407656607882,-0.7317574740660593,RIGHT
1.3253050133834954,0.19427816438957896,9.050804895748719,-0.6247218613999633,0.9725578072433929,-0.07666822875807018,RIGHT
1.6811745306134038,1.4335756366595738,8.307469415047377,-1.0111574665978675,-0.4715284042336312,0.7019793693296468,BENT
-0.1692034032911412,-0.1644978737560125,10.126018106911783,0.502493440351316,-0.22088301161300644,-0.04208254259058871,STRAIGHT
1.9038195176094388,0.5904642027000837,8.986115292117903,-0.584339018809766,0.5714114072575103,0.37596651634338707,RIGHT
-1.6360834429170663,0.31427919189351206,9.142463932155753,-0.010940437169382507,0.6090252188782552,-0.194729012151741,LEFT
1.7532837588983368,0.7769487825025858,9.682641981471384,0.4367947078176896,0.004572172870068682,-0.18276964841627136,RIGHT
-2.3601489964294067,0.4190198692772928,8.942615108147724,0.30850188785756505,0.6244703495699555,0.032824579055612396,LEFT
-2.3916266461681186,0.4033815451382973,9.325406886947867,-0.6154321582169776,0.11372996730206471,0.653571377141214,LEFT
2.031412299866591,0.6504789096038517,8.941221842831851,0.09031148687010994,0.48240529116421754,-0.532415576431503,RIGHT
2.3088204227555726,0.865121239094033,9.09051530779955,0.4237007162883194,0.08741650599573567,-0.6084274461796195,RIGHT
1.5602636173933122,1.4937140240590214,7.534962967242607,-0.012643812785563984,0.6715841061483895,-0.3672738249737632,BENT
-1.588969920002755,1.069037894796184,8.901844753598851,-0.3768680821787448,-0.44475721481276165,-0.40790514248271914,LEFT
1.4954226210121084,1.665341635049458,8.129550722766323,0.4360809296767269,0.65017257399827,-0.6717618820337165,BENT
-2.7032026335907746,0.48964110317155746,8.614793749573549,0.4885900004065366,0.020990032235011464,-0.06863590854890804,LEFT
-0.002316663956398741,0.038119741022904566,9.982092712870589,-0.17445059138637573,0.3030646815495424,-0.9721147968747998,STRAIGHT
-2.4233968590342023,0.04554583259424061,8.82139401917319,0.42819939716173616,0.10704687206510198,-0.622869389355994,LEFT
-2.5738599864125,0.9168808484439773,8.657903792448076,-0.5135308794677985,0.4414188302546949,-0.22465219304789102,LEFT
-0.19180161928535577,0.27640092083438866,10.071536587986968,-0.30195218624226433,0.15222455993542627,0.1286037454900534,STRAIGHT
-0.2366531242908838,0.098999130838339,9.750407115633932,-0.34358758766625513,0.03417562555191445,-0.20470441528577885,STRAIGHT
1.7573182260854483,0.5245622418158967,9.925863426669403,-0.933632596295874,0.34313009518725673,-0.8063579355948258,RIGHT
1.641767834047865,0.7478749646189774,8.683196000986207,-0.2554722336434811,0.6051993165683194,-0.0756179827461146,BENT
3.194517978696231,1.05302412749616,9.545374196380681,0.41438298880243746,0.007571639129932143,0.2210370084333657,RIGHT
1.4571222099355496,1.3055130856987502,8.996490897129732,-0.21697079950502585,-0.36634610065192214,-0.28913845698206875,BENT
1.7019949115921829,1.8463020776680485,7.5998517964721115,-0.1672506179204742,-0.2374726555804781,-0.32666461628685595,BENT
1.5735422057638233,1.731158854039534,9.267320624003704,0.11342441099039324,0.8277308126894606,-0.23146271103182411,BENT
-2.3653707016148267,0.11602408002106102,8.905043215517333,0.9360028402361521,-0.009721070449774096,-0.46629582828054056,LEFT
-2.240624066911753,-0.1281382012105189,8.831981014148994,0.06960205547840807,0.0009068055973381154,0.3779676408958262,LEFT
1.5092456744760245,0.6386310422789812,9.079623878229388,-0.30010843857939734,0.03490104249500946,-0.1926567984308801,RIGHT
-1.6960807298325977,0.8097538378483644,8.586239057405725,0.10214147100066437,0.24060886421406347,0.23352858636444407,LEFT
2.219663570051717,0.46745063343094606,8.805426893579055,0.10379913064285995,0.44249523359333276,-0.2322648743224839,RIGHT
1.00470765954066,1.170139468939571,9.175640042867876,-0.020042568686501568,0.2647177558269014,-0.09194586886401018,BENT
2.40643105941948,0.6888886525770836,8.668401995631172,-0.2800905200984848,0.3736468025616309,0.3051851327167324,RIGHT
-0.12304904315389811,0.07655989343015729,9.947642310181,-0.7637263129172056,0.09024625274977378,0.5355207620587544,STRAIGHT
2.776429887919663,0.36814463735771685,8.836833858891481,0.1308115279862332,0.006073254536612662,0.46546704198703953,RIGHT
1.2275005257015013,0.24717947105392335,9.156816755893038,-0.062262623796842116,-0.10010244786553484,1.0123604990005035,RIGHT
1.172711726706611,2.336954910274184,7.696991309250148,-0.6070943063938661,0.5790554367500339,0.39583134698146794,BENT
-2.171294434115323,0.5747943624865866,9.129807326549821,0.83764662483411,0.44449214713857665,0.24803211661293756,LEFT
-0.08666068138051204,0.040764545505493424,9.96773276078436,0.4362707957152397,0.5771771692044619,-0.2386908652876604,STRAIGHT
-1.906893828052687,0.7478571420962798,9.530601554974709,-0.4771950642864975,-1.1697982818216992,-0.17576839931022498,LEFT
-1.5711701883989904,0.4520184410109719,8.992393516838925,-0.5012646823189044,-0.009256567996194965,-0.14432931946006916,LEFT
1.840777787025874,1.8073357817220017,8.477346397111814,0.3665866823721761,-0.5521108942735665,0.3807859206487983,BENT
-0.2891219944944165,-0.16882738270354797,9.69703962901065,0.22883822721441946,0.034826332259439534,0.49175215317923254,STRAIGHT
-2.084035394602765,0.5855525973948961,8.811232103483944,0.10860323894653233,-0.23593876205893463,-0.2780905729009942,LEFT
-0.9234087712442218,0.2697957311335851,9.348928254688271,0.09167100286917587,1.0949014666088361,-0.40414914267757573,LEFT
2.2313621568205595,0.18774495401603114,8.459019778036001,-0.2792101847163802,-0.3991176090157665,-0.6689224119041891,RIGHT
1.0436467414678905,0.6087429376415906,9.228539004130715,0.48526191000660535,0.3709815082647326,0.7383293127148145,RIGHT
1.0073076929960698,1.5758339680642355,8.899798323926365,-0.2237140121290691,0.1703076256441799,-0.0068889776335959475,BENT
-2.856567264545439,0.9061617122496238,8.954184061898953,0.6189081559867309,-0.7972138293971835,-0.29968751147688644,LEFT
2.1093415461380705,0.35468729240920893,9.655543994549582,0.11261767640280179,0.08321476790158061,0.4037778158027146,RIGHT
-0.06260474164328811,-0.3198246945074965,9.389422965337443,0.2677459049876023,0.530223407055234,0.7706854984590913,STRAIGHT
0.26091539318172186,0.4195210814151462,8.792835097677747,0.44641268214942764,-0.2816293057301815,1.2696288956054462,RIGHT
-1.6773120252074263,0.9105894672597046,8.614030615767959,0.34302572999921965,0.5292122434247939,-0.8793697432115571,LEFT
1.1525672251809203,1.5465643920483028,8.380084501067756,0.8592996870068431,0.43303525802139914,-0.05178804995081176,BENT
1.8926189506920326,1.6322802228255728,8.192640870682531,0.3982027148481633,-0.14069255327554323,-0.8323465980975039,BENT
0.8907356518112957,1.9823660828970342,8.387794033995823,-0.685794689861562,0.24254705580663755,-1.0312628369558747,BENT
-1.8167008769515758,0.21803606410179344,8.794453233065322,-0.5296067609444758,-0.03133954863658594,0.47757116025061913,LEFT
0.01520960797927703,0.07059199510778039,9.984831996205925,-0.26436199274985217,-0.6401455641176279,-0.6508016628709999,STRAIGHT
0.9263644523069904,1.4233868704346828,8.228737001512147,-1.141401245020399,-0.050974756239928136,0.021067040870964587,BENT
0.39285059339898,-0.03944433417070475,9.43218409874057,0.020832633562691414,0.08906421288053225,0.017817729925227944,STRAIGHT
-2.137525848575822,-0.19057634942067547,8.39392357512058,0.6834371337222623,0.8224838567506418,-0.12451801977818916,LEFT
1.8467396253368573,1.6884147325672085,8.02089539975461,0.4509317185089436,-0.43562344055746466,-0.11337471364911292,BENT
-2.0934525612802046,0.4856627367879386,8.575494946821363,-0.32718667305650784,-0.3866124852264115,-0.17539462258643446,LEFT
-0.06995675219137046,-0.4221399042300357,10.20292964543232,-0.6538285340918787,1.286662476055216,-0.31200836444428925,STRAIGHT
2.109249630907863,1.7155640174738636,7.681376922836771,-0.0951693390418041,-0.4378091266923786,-0.691399865482168,BENT
0.933918992192994,1.7381604542841693,7.160436138512751,-0.010737481187330016,-0.30854520414343756,-0.6294210207760976,BENT
1.8090448888156192,0.37596462835469013,8.668566491592506,-0.27258459966592197,-1.2513797608311077,0.34232110077758426,RIGHT
2.398742102239157,0.5435612180856375,9.718065822655586,-0.037253823265586336,0.28317006525951116,0.4159090880526314,RIGHT
-2.834702640560686,0.6630080577139805,8.73495049642166,0.28529933429657967,-0.38162957827125843,-0.9024410503322595,LEFT
0.04317212963780105,0.34179913263776673,10.096247901710218,0.382102194000954,0.006475768977047374,-0.43784937083362124,STRAIGHT
-0.6081112882554744,0.01669831701343366,8.94057943799718,-0.20373006881763264,-0.3009843394481923,0.38012554731768017,LEFT
0.4779756544436648,-0.12088289562634243,9.736037861928452,0.07976670286536117,0.22575797100948483,0.3219013008521592,STRAIGHT
1.6484583493485236,1.2584059253136717,8.243294893736449,-0.07783861769603974,0.5838910308299037,0.12721042165060656,BENT
2.265958446109423,0.7089053379957462,9.206449891431076,0.2377468207245871,-0.28687690015408235,-0.3403721372852768,RIGHT
0.616757379330449,1.6443113698693714,8.06489834066123,0.47380846883070454,-0.12506130053725564,0.6505262165811498,BENT
1.6000761968990571,1.8222941198104474,7.036824143250111,0.7554016090572631,-0.9304549404273232,0.49847003413920155,BENT
-1.5852972094082554,-0.16334059270236556,9.094245823243426,0.3854325969434834,-0.7392931228899208,0.5718770216034645,LEFT
2.8529124296688426,0.4903009247224658,9.331261396156043,0.5049474805248301,-0.2484295163363107,0.19392244076523307,RIGHT
2.7548856562298116,0.6206103440140767,8.860989306490819,0.41456934229263426,0.643487481924797,-0.2223187791228201,RIGHT
-0.5145862482768688,-0.07710764799358225,10.199131568980725,0.9996586031249021,0.3590492741258418,0.7837972104394839,STRAIGHT
1.1106398755478608,0.9488132934467549,9.261746262541623,-0.027792335455227534,0.13998431315991014,-0.5627445236491883,RIGHT
1.3924663292819297,1.324054284953833,8.521676965527034,0.7823522924667645,0.6024853236503741,0.3362125094475465,BENT
-2.6707225788998485,1.0660484336372709,9.073553340762063,0.05004772128984915,-0.04511383202810485,0.39053663380822634,LEFT
1.2490324462490092,1.3018443028275013,8.409419706934242,-0.19464409586374645,-0.6174721967687067,-0.5496779124160444,BENT
-2.8462323148574096,0.9588650958381841,8.936796840568404,-0.21344053497371002,-0.5060521876300837,-0.8274283359328847,LEFT
-0.31114999517432573,-0.55692712895642,9.848405967763671,0.38773628624445716,0.2358440525989204,-0.7648821515864039,STRAIGHT
2.4022195550554324,0.4528358319906647,9.43218394760214,-0.9224526201480469,-0.5085960852726953,0.25833465432406144,RIGHT
3.138325813199419,0.011209216833724334,9.043941178781898,0.5648247424861852,-0.2891569614636504,-0.45527892236994005,RIGHT
2.006964645956473,0.492762473866999,9.079233904307142,-0.07218020596197124,-0.28683100344011814,-0.27342947062019607,RIGHT
0.21722110535393113,-0.078916463647319,9.304779284165432,0.35047113072303854,0.11740704339778328,0.9090098039805578,STRAIGHT
0.6686493380324228,1.0037439689249716,7.611235817362531,0.10185089906942478,0.14492113208423393,-0.1274106341861823,BENT
-2.4143290181688974,0.7764904155061543,9.025453296147422,0.4757570314714769,0.6111016731039685,-1.0871617820433235,LEFT
-1.6391639679783825,0.16128446863483126,8.79019189348809,0.24468728061395903,-0.6110639044459727,0.35649921508619403,LEFT
1.999922127764486,1.6681298348738083,8.062095217199003,-0.5287656257166712,-0.3017181274513814,-0.12856113562360919,BENT
0.8320883311726399,2.2058747737050877,7.579249384525438,-0.4081527045274228,0.6578832541410798,-0.8765535234691076,BENT
1.7622347279178252,0.8047060835190453,8.749075783329078,0.6258257356999122,-0.1834865994401913,0.23619832141967909,RIGHT
1.28203236527642,1.6596544457408284,8.181182648787575,0.5516509410082607,0.05711382433101982,0.0751508807309388,BENT
0.4556957456376813,-0.5568008457604045,10.060922132068525,0.5285624666781543,-0.679173859643076,-0.23471945670477304,STRAIGHT
0.9846210480970701,1.5403269689016208,7.385203507011836,0.2759318276547504,1.0027870228199767,0.35879578989652494,BENT
1.2754532563617365,1.6256814931801804,7.987892217394106,-0.3231046809114995,0.4556880979022819,-0.4582729123877198,BENT
2.1661897777850307,1.9057480260072521,7.279562884334177,-0.6397884833678508,-0.3124092888478394,0.013045525105416893,BENT
2.0736039146848015,0.43323755834865796,9.329766155302984,-0.06230689067173474,0.3740173629808625,0.7504858152821449,RIGHT
2.3325258627060568,1.378178544605097,8.247660403473859,0.08951839827448256,0.30378343216567927,-0.7595899914930885,BENT
-1.8127074452745109,0.1853514997754972,8.152257052784543,-0.1754326534867697,-0.5229563344285492,-0.8902783416052412,LEFT
-0.12539341155755349,0.36248971159938576,10.012325580636643,-0.2812333879471338,0.3162038695277605,0.48627722481336494,STRAIGHT
1.8942890867294255,1.2622141807447111,8.30875395284678,0.972935642413842,0.34581034047543374,0.6430742275532213,BENT
0.2572537226809202,0.21244197018274236,9.663876707439067,0.31647081689673257,-0.7632759308488732,-0.028952453668892448,STRAIGHT
1.5579749659124724,1.3470067930167633,8.251738882656593,-0.26720334301168425,-0.9762434365053412,-0.13974953290002015,BENT
-2.540528270204131,0.8159458559998711,8.984177938457337,0.3407503486863122,0.014159188065230586,0.014878069747872594,LEFT
2.376426402223887,1.6360270522100924,7.562965507523337,0.7070202305013841,-0.42788737470628563,1.3709391701349583,BENT
-2.5212424371135693,0.8833780487714495,8.895589098701281,0.06749236040984428,0.20628519832206124,-0.9648422981570787,LEFT
0.24603226269142928,0.16721221023190472,9.005824136030748,0.36477138331790704,-0.10905194918697142,0.49792876435924716,STRAIGHT
-1.958858005362288,0.8196441125196053,8.793084619959851,0.70467372009279,1.1494490618096251,-0.18141928021982953,LEFT
1.6611454971874775,0.04362653762340635,8.893473068590918,-0.3322674648211063,0.8688647143722298,0.08423807970749228,RIGHT
-0.06007209761772572,-0.160957383332065,9.498165232074951,-0.5254559789140935,-0.9668391505537801,-0.6036979158231872,STRAIGHT
1.6757240719703146,0.7405571996120499,9.109602314034229,0.02515326137766023,0.12174786940394992,0.46404888830809676,RIGHT
1.0509111913750806,1.6529638984736201,8.283226104106527,0.24622563200407455,0.14458432195390905,1.2276500699554471,BENT
1.4487153895619558,1.299544013088572,8.43428174668576,0.25409488874606506,-0.6245875306620239,0.2857403482884924,BENT
-0.07467985367531388,-0.23471404140242505,10.038771951454242,0.5242654692538002,0.17180929476760867,-0.1882763255111329,STRAIGHT
2.05130991453429,1.7734342980804332,8.133470957664466,0.5628393921848148,-0.7469148206071203,-0.3580280603669973,BENT
0.057173078144980995,0.066891357997405,9.997563281801849,1.0051022693831748,-0.0884736137470247,-0.39914862226922687,STRAIGHT
-1.977203917764975,0.3107023610378158,9.362997907366902,0.017947274883849867,0.932501616998737,0.4102412191356129,LEFT
1.1803018661679718,0.6387645657942622,9.096009095074018,0.15277716018862922,0.466498321325284,0.21084246195612993,RIGHT
-2.232253462751244,0.2149007095409845,9.127122067680753,-0.31475827402454204,0.09742641060092348,-0.07933722185531815,LEFT
-0.033423616063370874,0.029342737286664568,10.161952689952507,-0.40846783549361804,0.1843366544364506,-0.19666940616368034,STRAIGHT
1.1756896320428059,1.8449052099187515,8.526267346879738,-0.9462729926519818,-0.14155450061762678,-0.44101367060371416,BENT
2.7475668727587057,0.564089127328553,9.106632218677975,-0.20068987866611324,0.2690111773984219,0.023977025141552824,RIGHT
-2.5927100023401555,0.38033225232393464,9.308170086846657,0.3383851353584775,0.2593198238067835,-0.3123533615810517,LEFT
2.536815874929886,0.19204541017668192,9.05318786965875,-0.3500604074695866,0.5975233144624212,-0.7615934523918874,RIGHT
-2.2932740442606714,1.0732413765376356,9.441466777010323,0.8627081375277329,-0.31453598603471444,-0.08427793703138052,LEFT
-0.026207681399799183,-0.4070480481251008,10.019637082199923,0.5400345001610823,-0.8504967759693768,-0.20324643834813094,STRAIGHT
0.01779045452194042,0.2331827430742801,9.637218547472518,0.43855098939314635,0.23186192869521602,0.28890844544056976,STRAIGHT
1.3598478006645527,0.7617371984840433,9.260080471183464,-0.049587931889691454,0.9233184980238329,-0.5350423831630763,RIGHT
1.3625246608248867,2.1196837906105217,7.641707097873076,-0.585671504865486,0.47108325258191447,0.43004819207153483,BENT
-1.9628968930999222,0.4311792191808943,9.38020110211305,-0.17148791415131454,0.25275090530574557,-0.014462442087434975,LEFT
1.4365378016525654,1.025343393053981,8.014895288593374,0.011653800442934808,-0.324986605931735,0.4686118107674246,BENT
2.098260584850735,0.7127011272765537,8.96410572228511,0.7200586077247364,-0.33819615102963485,0.9004702164554078,RIGHT
1.2704442070659467,1.3142435693545047,7.536772602773267,0.577292140929685,-0.726713248637203,0.9826637542268561,BENT
1.8615505801018108,0.49238328608465387,8.930786048521233,-0.3440798450501363,1.23613973113633,-0.24793308900364236,RIGHT
2.607577504435877,0.7226253765571395,9.375939241411874,0.4230067723356344,-0.16167810614310438,0.02380177590717566,RIGHT
2.10135932070686,1.8509449162302687,8.089517913085167,0.01344291949726539,0.10419140397377624,-1.0208674342121453,BENT
-0.09422163446053988,0.2150248550434578,9.989634830380513,-0.4893833239306267,0.17594553395321805,0.06639034913207761,STRAIGHT
0.3623960248269743,0.07158514573835373,9.917978945415104,0.3407225401786429,-0.28973163703503513,0.5445049908923869,STRAIGHT
-0.9421221390416725,0.43842361111577405,9.862353963529785,0.5861196233791968,-0.05041149509260395,0.7492824194325399,LEFT
-1.1320180984173753,0.5593732350387943,8.73943279855422,-0.24194291702716078,-0.16017365409716008,0.2120829732009582,LEFT
-1.164239882297295,0.43879082570568184,8.925577397942847,0.5213825879222006,0.2529955549797673,-0.9987056717297534,LEFT
-2.563913610250653,0.6692832164080209,8.79909771352235,0.10579748519019663,0.5455230510823337,-0.05536671454034794,LEFT
-1.434373604801131,0.4175757514476748,9.553776844674259,0.3787278746585205,0.014298388359172033,0.7901162936754107,LEFT
1.5897807274239888,1.9188393210448618,9.041963845728933,-0.22944213143447,0.5393404167156478,-0.019254234750353604,BENT
1.7399135423858916,1.9534187098010822,7.561389767038458,-0.7743899112561059,0.6231634428987268,-0.06340574895151091,BENT
0.08032510109829469,-0.13712205621636156,9.897140038281785,-0.14574498949674514,-0.8252456050188809,-0.025211425860743847,STRAIGHT
2.80503373434669,0.0062670411454045505,9.724676822447611,0.4423632108770686,0.13410840413884778,-0.3568082778703819,RIGHT
-0.25893629514418115,0.23216535747570388,9.659689639606434,0.1732519408653579,-0.023460289439592035,0.23852041361156073,STRAIGHT
-2.0752099272309166,0.7986645756086836,8.763478713963188,-0.9760926107017222,-0.443499030364767,0.2120702095394952,LEFT
0.12978484210139912,-0.27839926743760207,9.548483752664636,0.2603322102671045,0.42353950499251725,0.6112504574434402,STRAIGHT
0.1414423366024765,0.19405977745201217,10.128435113491975,-0.0806042342849341,0.792001802781848,1.153895847498034,STRAIGHT
1.964199370292968,0.4888333290470475,9.291051817454791,0.025972942903649716,0.3663200386077896,-0.04035829005429116,RIGHT
0.03818755015466315,-0.17891264648275684,9.535667855142062,0.8079792516693718,0.9858343752309082,-0.10656766833366062,STRAIGHT
1.5557370374485058,1.6810139567285338,8.133210079347391,0.5429331709339029,-1.050459430725959,1.4688764235838867,BENT
1.467218137567487,0.527541732374202,9.025542520533657,0.060294966945355306,-0.1972109235392603,-0.21364281280386613,RIGHT
-2.3118844803479024,1.0742094061600358,8.923727039694661,0.10871643658986144,0.4350338653443771,0.24784094398630233,LEFT
1.458862334745572,1.4892822613457346,8.534234064764554,-0.25844843144489177,0.18669809595677758,0.2535078822435957,BENT
-1.9012170049138089,0.6347685304759236,8.569335796728934,0.33420398047118255,-0.5447965491473263,0.815562926140936,LEFT
-0.3701880715790536,0.18869276837307353,9.902728329566383,-0.5558126638693633,0.4012354411598443,-0.19916045301198088,STRAIGHT
0.06427144309005461,0.08438415084705696,10.284113380717594,0.22676715075698992,-0.12207831764532434,0.48204358414417864,STRAIGHT
1.4553911769364218,1.8071255677905589,8.594950040018936,-0.19571275834336763,-0.7345397803181042,-0.4495808135010196,BENT
-2.6390112917181883,0.006877785323582741,8.64593460040006,0.776280907744821,-0.7763635339080188,-0.15176799278859893,LEFT
-0.060606328199605854,-0.006940664005978019,9.44345398342207,0.15603970940983458,0.6345885912715645,0.34886856407472694,STRAIGHT
0.19635309739831885,-0.06496627670172449,9.050178285537928,1.1454712862953709,-0.694786233381798,-0.8226993734784459,STRAIGHT
-0.029997578279945092,-0.3268590671259535,10.106732285718143,-1.0928552412376713,0.427450189810355,0.48970545041703084,STRAIGHT
-2.126342844000482,0.6176253589102608,8.92444132488621,0.27653663822023977,-0.01684326345435801,-0.4751740915508674,LEFT
3.0245894613424116,0.5834318057275882,9.023118234234088,0.3848288756728126,-0.414464040432961,0.08173873958372666,RIGHT
1.104148745371865,1.8763084751952863,7.708756303230844,-0.1123165749985123,0.27502604951227594,-0.48417222743181765,BENT
1.2838711267450047,1.7054162832654054,8.674469994918796,-0.33105625841220476,-0.4113107077445505,-0.07517096129045178,BENT
1.2684146979223316,1.5254753574606463,8.435980666623303,0.06960770432245154,0.6030766978352958,0.19198577627343114,BENT
2.0301076204153325,1.6688052642827875,7.670303934765028,0.238776858062823,0.3698749699391295,-0.12687334041379195,BENT
1.3780683823043574,0.2921284406612278,8.71263709377232,0.44746218847222063,-0.1474748391460139,0.6238710363368669,RIGHT
1.7346712834120321,1.7724024954966229,8.077599879096848,-0.563752168870298,-0.22357323119195652,-0.2930285509353124,BENT
1.8229461792760064,0.6360613501235528,9.489833775050457,0.8116982811495228,-0.7684739800131603,0.1338756121822311,RIGHT
1.2811618810451595,1.565429334235462,7.982587119044877,-0.3454402061431049,0.8361396180434247,0.46146609110470393,BENT
2.171080325630576,1.2785647033168022,8.484491539592637,0.814198311564269,-0.18956387049374354,-0.10179018005118089,BENT
2.5653516543072508,1.0147105503183163,8.325100230618771,-0.6265623941005262,0.5809618010735403,-0.7757652733750884,RIGHT
-0.15180808944172966,0.006691754198460513,9.613454509848083,0.3506865324196114,0.5155314569940267,0.054271338014219205,STRAIGHT
1.061886619161402,1.7931900717045925,7.521372384586609,-0.09454073458093668,-0.07175617217770584,-0.264331001668581,BENT
2.169028954735081,1.667607603746418,7.847494072120795,-0.027884538828853004,0.2791634562608612,0.03800269570620575,BENT
0.26224204607847995,0.13888126378907423,9.70194911208136,-0.5948807708660501,0.6245703208455594,-0.150046980618692,STRAIGHT
2.65700473732195,0.13563695308207802,8.78643635947328,-0.7035720131074582,0.03649837798667879,0.39003908985829144,RIGHT
-0.12973251740977398,0.05467526958885344,10.043988972974924,-0.3431595378245579,0.14902610505358777,0.5009637744775973,STRAIGHT
2.3540543383442953,0.7870106950383753,8.68560421579682,-0.665616476778889,-0.9181026865516483,0.25399566345627184,RIGHT
2.0966653334763667,0.471118007539371,9.146120397208716,0.7010360736089216,-0.996965418134018,0.6091686577926901,RIGHT
1.7807063968713521,0.8498908241710368,9.227376402502461,0.2997970566407469,-0.2535615300282951,-0.11817736854449792,RIGHT
0.1424542979011756,0.0240451266868426,9.58334560762191,1.3146063156501364,0.45618730698143495,-0.7988559598867044,STRAIGHT
0.2780415098034627,0.11156206127037245,9.803105785953015,-0.6559181161750798,-0.5325568315376863,-0.15261235217733382,STRAIGHT
-0.012104104461261709,-0.2103389776199404,9.325622728724156,0.018055087665064105,0.12093335075677043,-0.4847619447599895,STRAIGHT
-3.4441356025963623,0.5879807942400509,9.113319767376062,-0.3966409469168367,0.27005635584156334,-0.6412493105607612,LEFT
1.3438603073305404,0.03120356442017652,8.467508082914371,0.13916453061010745,-0.039539373803175834,-0.7401420491037316,RIGHT
1.5594669828808447,1.3651656115527842,7.893298668229529,-0.15123484324406417,-0.19408840927061438,0.08520811118774385,BENT
1.3628156268103107,0.6878229276523451,8.706898548124002,-0.3508359550120378,0.2453181107113573,-0.5139513828568475,RIGHT
1.0824108640006966,1.4164158050671878,8.135746259572096,0.49468471914106565,-0.2535539470663042,-0.5855209270879272,BENT
1.341522212951571,0.47754398421954586,9.167282645101814,-0.05090787101478478,-0.2835962094063391,-0.19470893874651884,RIGHT
-0.10924888965049656,0.0783608010805093,9.356326529367761,0.09167995988957782,-0.007654924586497779,0.2896457498005442,STRAIGHT
-1.5919412819713337,0.10758544353247446,8.30287026730657,-0.0024809920200190437,-0.19479830342939622,0.276916665890773,LEFT
0.5789212041821133,1.3220216959501314,7.7625898099619395,-1.1381867542960011,0.14244494628609947,0.10354693111647577,BENT
0.05828998464236125,-0.14613639276075613,9.740658594231048,-0.18987866999012104,-0.04381912890823877,0.07635894960991425,STRAIGHT
3.0786541066327517,0.3182855230989985,9.296838148803722,0.14964629020324596,0.650870644699399,0.7807555983634263,RIGHT
2.5054311201859196,0.46084547603090187,8.758264371374676,-0.03790869790910668,0.5465342933066054,0.28768481359618764,RIGHT
-2.4012463666058235,0.8896433974541156,8.60763302281588,-0.6639590358436366,0.3401326896477402,0.5789074210120048,LEFT
1.4616695327378353,-0.03358924996294099,9.502079393781301,0.09420800414871419,-0.06296948647341684,-0.35874259304054085,RIGHT
-1.5019761570970918,0.27296147342916177,8.431275733303263,0.7506668259777434,-0.16133991942106787,-0.12541650822752368,LEFT
1.415465565779603,1.4530396563380161,8.186420783297962,0.28715422041924205,-0.15427480083689366,0.34347324632361104,BENT
2.7278093450405585,1.0397814725056997,9.298320500424161,0.29671458659680455,-0.4268682673424559,0.17960470022892047,RIGHT
-1.8850227760788938,0.2275093607102583,8.904586621262933,-0.3895069215168461,-1.0828226142020618,0.4871311110644038,LEFT
1.4114985505656912,1.3892746800444318,8.35370334890455,0.4078686062696484,0.4302367441798727,-0.2915387192844692,BENT
-2.1749890635772084,0.6648424377496203,9.85157862229824,0.344339011842713,0.18624785489499995,0.7995611675746878,LEFT
-2.519400914001278,0.6508701214742407,9.130509868338674,0.015155828747171111,-0.04718587501769058,-0.04294662485889582,LEFT
-2.59804861591219,0.48807832855814764,8.61050014081677,-0.8863050641579109,0.40172290618279116,0.4260833941259165,LEFT
-1.7172451771842279,-0.02822882774674529,9.301336648441813,0.19057919244138888,0.6448763770413728,0.3365906756349792,LEFT
-1.8968762271310686,0.13845746233871697,9.238657533413486,0.3847657345254993,-0.17765594305896684,0.30512218780237294,LEFT
-1.3560087630990307,0.373156411674337,9.104265133260164,-0.7002539801374715,0.35991864543569524,0.7232519679732888,LEFT
-2.4935408851440113,0.9460241407399321,9.655576330937675,1.3125431698108303,0.11546672041499736,0.1182123381312243,LEFT
1.6075508434588799,0.6944841301531577,8.951620740556887,0.20976622195351388,-0.44374608890105005,-0.21872915016170522,RIGHT
-1.8842436303522143,-0.5054831550714034,8.884963592219925,-0.4707947586753228,0.6053697694695426,0.30951859914314683,LEFT
0.8204603200785417,2.0828783039824987,9.040546157465243,-0.3754527748900571,0.583274295488503,-0.286498902495473,BENT
2.490242499760286,0.4232355926988405,9.716862364304253,0.040550122020010744,-0.1098701517014384,-0.1584108806458988,RIGHT
3.0307517883181987,0.8625098691779427,9.409625010324586,0.29626347460059155,0.38918053808331887,-0.2755928581642667,RIGHT
-0.19846856797497014,0.07717687661686518,10.120279790243748,0.424164750188165,0.04078151749218278,0.6532787308821738,STRAIGHT
-0.08635915772804124,-0.17720849086633472,9.547021818711878,-0.06762144781601571,0.24002979004334166,-0.6827310110960901,STRAIGHT
-1.6134500292305642,0.7646647347400424,8.648379645929644,-0.2699672297694254,-0.031644560569481735,1.1354326405177733,LEFT
-2.113242049424916,0.21216822898295606,8.85111728957158,0.544374309852093,0.9422931529673045,0.7716217641360945,LEFT
0.07123337544496851,0.009734967665365173,9.953521300723702,-0.4276652571946292,0.8434939315126957,0.8369692090612603,STRAIGHT
0.7416140634770843,1.5681193448649577,8.716481973576402,-0.0974726042144792,-0.18441511479627012,0.20088564127928685,BENT
0.13877115260158432,-0.020567104044879894,10.07276484993594,0.714015742617394,0.04995277195120488,0.07298080485657508,STRAIGHT
1.6988939698191097,0.6406322768225071,8.600645824324683,0.15089594990973298,0.38304013919234514,0.6134666119421538,RIGHT
1.522969126126839,0.21391861609409063,8.572299762419137,-0.9682593672540579,-0.24010118707350936,0.3570430564762655,RIGHT
-0.10521560644239177,-0.00280390765151774,9.830493286306854,-0.5655131957459715,-0.8814162419213476,-0.5133203673678655,STRAIGHT
-1.6065152172225023,0.23266009741955412,8.574756385340214,0.06904357656681492,-0.1292003601035842,0.4633604988857624,LEFT
0.8749816572453829,1.288378929061482,8.597132339810912,-0.6271447115846247,0.14677896608331464,-0.6782909023117025,BENT
-1.8464677417148785,0.4605791281933286,8.670752775460768,-0.08208970581025253,0.234999130381585,0.957356152998996,LEFT
1.8522293799267255,0.5456946540729872,9.151792822866202,0.9057524062967584,-0.04132389251909447,-0.41450845982918133,RIGHT
-0.21906911277138336,-0.043546196897689446,9.46271222173825,0.3250951903653772,0.8163262488485652,-0.1304561330585651,STRAIGHT
2.010396853837704,0.28159911763125967,8.926841423558065,0.6874382095740924,-0.32298208956226765,-0.3995960033251268,RIGHT
2.7913936270610455,0.5824043221978559,9.143049703729558,-0.41865953966569575,-0.24874932920257004,-0.3442517539635878,RIGHT
0.06349438694621803,-0.0063836989286723995,9.781686972359003,-0.3679292246614175,0.04167353549662144,0.4406423907163843,STRAIGHT
1.7407985502922392,0.8622996349268739,8.118384969899504,-0.5187267003568732,-0.0635657208259988,-0.4385926003108501,RIGHT
-1.9433647947311177,0.06851660650479002,9.367691573830081,-0.334072042769497,0.9366488881087728,0.5400240328573243,LEFT
-2.5708820462579,0.6606732340665287,9.01946749475322,0.47842843963778703,1.0099189458271276,-0.915195565954574,LEFT
1.833522935663746,1.3288977251812992,8.067226580990788,0.24171274405730167,-0.27325369725437726,-0.25785853496650113,BENT
0.15635986226258236,0.11353735018691713,10.10104953606586,-0.3139582612990413,0.17005885320232247,-0.27123403335309804,STRAIGHT
-2.0398206956228577,0.6357115388749202,8.575042588741248,0.2141535486038243,-0.09357213250227439,0.4928649978399315,LEFT
-1.8050565902638025,0.2682890647057099,8.799158798360448,0.2793454830166377,0.1466969778209515,-0.03748247541952387,LEFT
2.135487269423096,0.5912578758660265,9.723150463519676,0.17539258787740464,-0.15183076193699804,-0.9776382131550505,RIGHT
-2.663968256884226,0.824953579116877,9.294703102176435,-0.28348048777662194,0.03488960674939893,0.5210097415814685,LEFT
2.4203100132522763,0.6640200704604138,8.904427160332123,-0.18341220590734378,-0.19587907452191095,-0.46120509224925127,RIGHT
-1.7763203489046946,0.1358217858042307,9.777550757243441,-0.8114556237255867,0.3978515708498711,0.3093319687403246,LEFT
1.5151801745161784,1.554217836863452,8.386217323491106,-0.3950331625676391,0.5973370721640108,-0.5606903190373924,BENT
1.5384336947710757,0.6511455255320544,9.347138777212518,-0.18904305049166725,-0.2975508970773597,-0.6062385123239549,RIGHT
0.102781569931783,0.03591635638791959,9.905189029782068,0.24459356507383176,0.31736073428088496,0.5548499209781116,STRAIGHT
1.8437028899999361,1.6384710983330966,7.419554548622966,-0.7140154165503824,-0.28614852639203286,-0.6605032479325851,BENT
1.601174725706032,1.4746215744223417,8.106232939972562,-0.4712826957215328,-0.11093045189765315,0.21084223413222225,BENT
2.270434611240673,0.7654253164289941,9.40128527989561,1.02842611036551,0.28467972308621897,1.1172394506746546,RIGHT
-1.8163563432993297,1.0514551030385366,8.910613607051259,-0.17465839805909875,-0.009709802943866305,-0.15158989141713772,LEFT
0.14908083946908035,-0.17718319919185585,9.603309086105945,0.07437544811760761,-0.599052031632109,-0.6365798846212665,STRAIGHT
2.367152337780748,0.30520060642388175,9.033248986262672,-0.23355170339538803,-0.36689398689268193,0.018031695734813714,RIGHT
1.9683882717585206,0.04354170398230628,9.072634738379517,0.8545806164891059,-0.5602113299558085,-0.05496885768509175,RIGHT
-2.068724257313846,0.7858623641608816,9.644911303195459,0.6574572267920237,0.8199822646856965,0.3710637455359461,LEFT
1.5942551611332378,0.6166160369153326,9.290927938808286,-0.33711020315593193,-0.1038155264911895,-0.8749889371093984,RIGHT
0.4581767848157525,0.021408476415742766,9.768340984399309,-0.0921783253585479,-0.21979435551588686,-1.1038754581912844,STRAIGHT
1.4218809217671624,1.6218647314792327,6.949098569306067,-0.7666373018545624,1.1482215384025942,-0.25330525334980886,BENT
0.8981118503875991,1.804022385475841,8.241219876467252,-0.7287757497324653,-0.15460453852493172,-0.3760782027952916,BENT
-0.2901423835486953,-0.06335066587970364,9.647463397991078,-0.057586463884971045,0.41466241196407955,-0.29091891595851044,STRAIGHT
-0.17724406872188117,0.05373228533675452,9.831063241591819,-1.0811096104588966,-0.009279002883033793,0.5380731563200065,STRAIGHT
-2.0320351500642486,0.3229173549920652,9.592227222216755,-0.3546751439680334,0.17192241156214969,0.3844486816122366,LEFT
-0.3162381404064267,0.1790076628152231,9.655081684494968,0.07339650599277468,0.8061103141277122,0.44841965793276595,STRAIGHT
1.9305487980964722,1.7369407684432694,7.86487498913688,0.13370349117773203,0.566017493147518,1.0995490902783516,BENT
0.10238481820585499,-0.03366164679241388,10.167921543161116,0.5785481927319793,0.5880875526199598,-0.8669917647086763,STRAIGHT
1.0436882365256437,1.5027212393571086,8.425816350824798,-0.5374495286545601,0.1049560448209349,0.8433195929021722,BENT
-2.571863103660331,0.5325679117329569,8.986708003742216,-0.10405842863626985,-0.06426875571946537,-0.9409245227488195,LEFT
0.15965081428508898,-0.03917216401756756,9.62895623621509,0.30924225639326103,0.6679028332457472,-0.07041718140292855,STRAIGHT
1.6883914014827122,1.8382406057867806,9.120108567420996,-0.37273674603105766,-0.47192535271185876,-0.5472932697764644,BENT
0.9361224921866131,1.685992331896433,7.735510022838687,-1.0780505156874083,0.7480036063585891,0.22861493741384448,BENT
-1.6032556397238935,-0.024559591971454187,9.521736097151262,-0.8312459940178372,0.5162731021708287,0.5633525684137917,LEFT
-2.633447235761926,0.5132778158210988,8.838313195210556,0.06470562913779883,0.1138266413156521,-1.057959997735496,LEFT
0.9349326327315891,1.9853265636742568,8.124697040281578,-0.35687692813532546,0.555151180991382,-0.5917030941332656,BENT
0.24442466047461076,0.022234432057907243,10.254391071974108,1.017839159519378,0.013975727622229962,0.20909353923387447,STRAIGHT
-0.08727717810531373,-0.02192196078516617,9.7734911122384,-0.18500551494106385,-0.12939803133355118,0.7993235852523585,STRAIGHT
1.5184456424804176,1.47965899150357,7.498121677473708,-0.7265825731271388,-1.3118941177746328,-0.6103350248409565,BENT
0.884133392290672,0.9054891880198824,8.464478968196259,-1.019480638502708,0.09165010605249657,-0.5901464697949469,BENT
1.2935031651963358,1.2293979514203457,7.983370058256227,0.5099622897984871,0.27141327965951223,0.4243832513032118,BENT
1.4327424725660842,1.311163768921149,7.210350094812106,0.3739551280587669,-0.5363715128699033,0.11962343205557477,BENT
-1.8378000141060444,0.39262667288565134,9.252422607208603,-0.32704000490716,-0.45104313292587106,0.5303214652430825,LEFT
2.284276508864419,1.9509432972699032,7.976042760156507,-0.6379160432849691,-0.015072134760425564,-0.2838528921093427,BENT
2.832220126974105,0.9685719274298318,8.762157666464198,-1.048947720654337,-0.33926466768237135,0.037836147023617664,RIGHT
2.3107859449280252,0.38911689918690984,9.150840157560875,-0.014631406842489177,0.5630251253860841,-0.02569686179424312,RIGHT
-2.0418005692954604,-0.07734644831465487,10.069404388158592,0.47841686557804847,1.0411743720477924,-0.5786599934922422,LEFT
3.357973286156441,0.41908444053279914,9.477582503995311,-0.16844891279174556,0.2073492643654434,0.7459598231726362,RIGHT
0.03261221348588322,-0.0015458444509476351,9.38460601379162,0.48154449910651614,-0.391134510163164,-0.5398453512511735,STRAIGHT
-1.7032216388595691,-0.38211659039928403,9.262360310611905,0.09736809735938742,-0.009354378222948708,-0.19425922654444291,LEFT
0.447948607985573,0.0920141212694876,10.125358113948527,0.2449702914000366,0.6071348252296395,-0.4339999997692736,STRAIGHT
1.2857546646298352,1.842646841850271,8.457521336638093,0.3578291223789455,0.2106899055490413,-0.2969200811233194,BENT
0.0933450935184208,0.09719245658545422,9.904751762093557,0.3355185063399031,-0.11127091795719908,-0.4362576577959357,STRAIGHT
1.4347732144224945,1.2020389420774205,7.862410862512808,-0.07225933535775891,-0.39620996049998064,-0.15398076481952014,BENT
2.862558666129286,0.7016181557281302,9.156245271091745,0.3964664702429591,-0.06822373167708573,-0.808916952779161,RIGHT
1.4354542507961878,1.2161710828187102,7.700985081410139,-0.38171567007500246,0.43645959338539336,-0.31495262735920615,BENT
1.3122906380980879,1.2209064866793544,8.229776484156806,-0.17094386808564246,0.08606068616772154,0.6013136505238318,BENT
1.5239730521065313,1.6109507751832766,8.880329297919324,-0.654410199559556,-1.5097560779104127,0.09192477237684743,BENT
1.5876926671019893,2.0157079450862545,8.41265120211393,1.109369838600421,-0.7824566846096347,-0.10859667503048243,BENT
0.04731635017523947,0.27394175559395617,9.453312355499342,0.032634097671276736,-0.36940143436511086,0.4449581662825843,STRAIGHT
-1.7218912105012487,0.7436719342817659,8.73723575980101,-0.7691849994840516,0.3534087146568671,0.46512807812097523,LEFT
1.368842113394833,1.5620762735435916,8.612549132333816,-0.43356510785545016,-0.32905824453762833,-0.15186301438833233,BENT
0.03698016338579538,-0.2105930156800614,9.862294800621228,0.5299702780295753,-0.9397803140050109,-0.5945364329019237,STRAIGHT
1.9672261966094975,1.0945075419200085,9.62751144164114,-0.664048131216874,0.2611218406240049,-0.4082019930505209,RIGHT
-0.11598740718258514,-0.16605103780743813,9.914676481743477,-0.40198853682036834,1.1205672845103654,-0.20514071798549852,STRAIGHT
-0.02788925513619991,-0.09003785297028233,9.80015838765698,0.3006033744645574,-0.7219274080667709,-1.148090476568619,STRAIGHT
2.0082798340368764,1.7523263396578477,8.309958575302966,-0.6630475295234282,0.8108000498831608,-0.3108135870179515,BENT
-0.0741181046144904,0.420761218425482,9.718094071782195,0.18256270599150523,0.4854706656884305,0.8011266128034549,STRAIGHT
1.7691544865269806,1.4342334238154475,8.386084340736048,-0.2937489074858715,-0.17170554979398372,0.9823475239844542,BENT
-0.06572369514979692,0.12063748621646862,9.636765799365742,-0.0813964530361471,0.020459587697860566,-0.5010937278907364,STRAIGHT
2.1491887263005895,0.3095279240772755,9.116692150901363,-0.09158913445261432,0.2516423344083244,0.4065368158147493,RIGHT
1.412785648720712,0.44447659989604005,8.589489856022,-1.204944083553404,-0.038686195666386446,0.007509613297144681,BENT
-1.2940617405527362,0.3347266452335439,8.321528372921765,-0.16426745423136593,-0.2209840986271045,-0.16803699307501824,LEFT
2.33643061798341,0.6775442401224134,8.85838371562359,-0.2868008864484505,0.05092814763099335,0.7745100757475937,RIGHT
2.477853978060541,1.0757002679655816,9.752944743405392,0.39315635494022344,0.5138388374005158,0.06555104534295907,RIGHT
-1.6648900513613307,0.7030899162018612,8.090601496353878,-0.46814431620338615,-0.19791439036583114,-0.08981200011761853,LEFT
0.030026926801243616,0.12714590723146177,9.587942859781942,-0.02135189736164173,0.4245427252254354,0.886395588218358,STRAIGHT
2.010443244147981,0.569210271715605,8.495934093930968,-0.30818070401973874,-0.1875981901619685,-0.15885754837811703,RIGHT
1.315837353744303,1.8458978766563363,8.65172451804555,0.030304417837466503,0.21919129006420154,-0.5158585059667803,BENT
0.1277035721188971,-0.047353720592811926,9.721106358865796,-0.9178556370205103,0.16503250040631076,0.30996316619790243,STRAIGHT
1.679843612028732,1.5793941277354129,7.4145033221626635,-0.007826030811084458,-0.05036912270300265,-0.2719359328896581,BENT
0.8569355891527765,1.5738962315582898,9.211803109614818,0.0033999222799988844,-0.09501951750074723,-0.1787227114052136,BENT
1.6126940255317497,2.1273357104120496,8.114910166746723,-0.6570336542670199,0.5435975921976522,0.09091951860253038,BENT
2.2239308738758967,0.6113282153941766,9.019184578392618,0.16592193162925778,-0.2118882057240154,-0.8086814750542839,RIGHT
-2.2528281799687204,0.3282240008461044,9.214056574182129,0.3796939696545786,0.6806050576605593,-0.497499946605179,LEFT
-1.787056396903482,0.5057443332247256,8.743405236382277,0.243936142435537,0.9021740548933715,-0.09545189586364934,LEFT
-2.12045562254681,0.036304958090012496,9.224926648249303,0.20863172392909304,0.568853101357389,0.17479749968014854,LEFT
2.3092441902282377,0.4377567431948382,9.251450093136487,-0.6346976033078023,-0.34783568892410105,-0.5420956955111624,RIGHT
2.055057722823063,1.526438223862309,7.777641769121952,-0.4090430248052511,0.4419306017265371,-0.10888679119594333,BENT
-0.07166803040424445,-0.12950836112703185,10.023257591449982,-0.0906120866090515,-0.324686519160713,0.660652016136506,STRAIGHT
1.957718500428096,0.29831651834372036,9.313134865895156,-0.7198871065550422,-0.920164518117086,0.8050857646893032,RIGHT
-0.1420162238080875,-0.1195419027466185,9.342118700983336,0.01628778870428092,0.10695193410074084,-0.09470683549077487,STRAIGHT
-0.07290982930700472,-0.29231123545016313,9.947538899476424,0.8510275770079628,-0.9122204433382313,-0.38082295306901776,STRAIGHT
-2.449392024161564,0.10090591227830309,8.924351843689186,0.46082505596222967,-0.06377456018876711,0.7555774651236737,LEFT
-2.709354268773737,0.5640937644537414,8.655994655368584,-0.515007287931554,-0.21504960188097275,0.04317765775018536,LEFT
1.504456625219503,1.7838565162023228,8.832814767792815,-0.18439796833891772,-0.23928362100805686,0.4788638268310048,BENT
1.2388168034968756,1.9853525599619974,8.231589613778258,0.6551923510849855,-0.3022458043900242,-0.024404794052684316,BENT
1.7479100844961644,0.47554319806950623,9.139070593415335,-0.24361428205677615,-0.3378540395808059,0.0170762087440123,RIGHT
1.2671553624838288,1.26478456861645,8.185954843295988,-0.11006184014498502,-0.29689766112816224,-0.4828787078031297,BENT
-1.391313215124185,0.7461666257019118,8.899307727202999,0.5668117359295246,-0.531148577583187,-0.5991416928735791,LEFT
-0.17078794167753855,-0.18470507835374603,9.692417204162737,-0.4120294207695059,0.35268260511422544,-0.37556302846322276,STRAIGHT
2.195559865519032,1.8915432203127183,8.242659071282512,-0.4041328608204632,-0.41522220327828263,0.26125705263287874,BENT
-2.8741908280704322,0.5399281205410352,8.87009061068833,1.1501978213425856,0.2376830171736061,-0.07317117682741804,LEFT
-1.5148033050765743,0.7410095146463488,9.013331170266321,-0.4780884415748236,-1.1545918656424328,0.07852680270072533,LEFT
-0.24115242569110773,-0.036201227731922775,9.717667991867295,0.11019079139401691,-0.10246189588705444,-0.03393888603648837,STRAIGHT
-0.11166035078920611,-0.220030846594339,9.93185036918607,0.38946825175605704,0.2288864330759429,0.8372462166737686,STRAIGHT
-2.940221527562419,0.6479516009605164,9.516561419286404,-1.69340688074415,0.39707003003808966,-0.1101273007480441,LEFT
-0.012057798278322358,0.0909590339284761,10.03223943848581,-0.5007185382525389,0.0966037113570969,0.6598222472386498,STRAIGHT
-0.4665675601048497,0.269947905910125,9.745771853061333,-0.9741736297136357,0.2102725546140599,-0.15147776899215865,STRAIGHT
-0.09576749120168083,-0.17255515280862413,10.008043673574198,-0.1960063199595648,0.5299681920233109,0.30850297478834876,STRAIGHT
-1.7869402367976692,0.4450425962848633,8.461806065499111,0.3410297542884003,-0.19615738436695168,-0.21125636721102162,LEFT
1.4987640341970527,0.16946204062403192,9.499912280561443,-0.7575476714778252,0.6088742428256001,-0.4342205146260744,RIGHT
0.9273928009106743,1.7389099550226332,7.863188429483298,-0.1166836443817673,0.6187860237420586,-0.5804352298607569,BENT
-2.077949088968334,0.33551381105281974,9.064007290341115,0.2508913680837725,0.5586994079512304,0.7242496149464631,LEFT
1.768592240402767,1.7645691136333388,8.412236547123953,-0.08404673298262218,0.20245704947956475,-0.021167829099118563,BENT
2.1054391898611113,1.2546556749926867,7.87862134852572,0.8507605352103673,-0.5541287309079934,-0.830621581353211,BENT
-1.8047030469003817,1.2361710037830713,9.29709998471477,0.6823994048711673,0.9358739093469622,0.2446279584997223,LEFT
1.2113049786650987,1.5707283488557593,7.9266599577063666,-0.13582755516302664,0.8367260451492685,0.670230525895174,BENT
-0.9770913559558572,0.7313116759859765,8.638034139177595,0.7275302912408845,-0.8275314961665934,1.0682795644013625,LEFT
1.212510265283488,0.7778187133435899,9.262240571019802,-0.7682618074718917,-0.1074551775750391,0.13839672466264416,RIGHT
0.9221930651990907,2.072138639539171,8.271027905796998,-0.25044072065103995,0.3106092734695238,-0.0814397887297205,BENT
0.11441148834282883,-0.0124382033998622,10.137306007961152,-0.16703861548997026,0.28230296294680013,-0.5098321693460578,STRAIGHT
1.9874956468454792,1.1317031199021894,8.666254328401592,0.5857131738819361,0.17517088961419847,0.14892804710301064,RIGHT
2.838731465156303,0.3522661777008447,9.006323017644736,-0.04337787527447218,0.7841198794598256,0.6451840610973352,RIGHT
1.1169167004441047,1.7599846264615548,8.729740265086669,0.2562332580951935,-0.037063553215021944,-0.12107461291196535,BENT
1.133523233807503,1.167271116707822,8.166410854975322,-0.3578799945553759,0.34102603285630995,0.7436230776679637,BENT
-2.8593754464310823,0.8824967357900131,9.307271825785138,-0.16658583241546351,-0.06702329162859771,-1.203672103491971,LEFT
-2.700209780165384,0.5620324339503249,9.56680816519265,0.3406697515928045,0.07716834353220516,0.855968597908515,LEFT
-2.1968047186742967,0.9409396778831864,9.2390610585413,-0.29290782962886736,0.42669322166454116,-0.19441442665428688,LEFT
0.06076371912097515,0.14431250102522872,9.73074008784657,0.7266303316605172,-0.6693028998616244,0.34645931151580556,STRAIGHT
1.9989167733860569,0.8816176947019649,8.53855040388693,0.056812228747163504,-0.19821791471570743,0.6983142397536559,RIGHT
-2.239525528680877,-0.03205130018488389,8.72384534954453,0.0020465038377281324,0.39658468339654895,-0.008267875123812825,LEFT
-1.510537996567288,0.19804601218712592,8.988516563915109,-0.07686878616361002,0.7438635178291333,0.04264065898286926,LEFT
2.3951859480258557,0.6020153883706671,9.228245198887812,0.48409233026643056,-0.16565419159166136,-0.30611836725387515,RIGHT
1.9479379228877387,0.7339266488866463,8.350828967667962,0.17671543324320618,-0.1357407338034674,0.07776121297749808,RIGHT
1.6659646739511147,0.8016605677923679,8.541784712800432,-0.6816863123605792,0.3538182118542438,0.00451909325615365,RIGHT
0.12757934763336573,-0.05734423495224812,9.892478252168749,-1.078300348316394,0.14216222475961574,0.10891593975610757,STRAIGHT
2.2100472452259208,0.6820551779647013,9.822617425931817,-0.5654442176629578,0.23681603840572724,-0.4631905649907692,RIGHT
-0.15340350538040004,0.29553637558753565,8.971681410153204,-0.20835130011716696,0.3097832360890536,0.20536533163454665,STRAIGHT
0.022420989364903415,0.3489278346517363,9.715694105818525,0.21248305812377263,-0.38982814023035484,-0.14394650322064725,STRAIGHT
1.8725790809729903,0.39874151424504173,8.640682501667078,-0.25486507759256677,-0.4076799451363101,-0.4495555492136136,RIGHT
1.9085533181717593,2.33537710914797,7.40700834388102,-0.9399621925695225,0.9354825876858911,0.19480708868545193,BENT
-2.3786552568389805,0.6944265093981228,9.212076522937165,-0.9792207710673189,-0.17942320845645968,0.028314225906085125,LEFT
-1.8740816246881906,0.22493459248443143,8.865707602032112,-0.39472268012049383,0.21674485872426125,-0.40303377937490237,LEFT
-1.8541192787332266,0.37250438798700514,9.43699941523414,0.3579762088419505,0.5138472967507393,0.16011359274967304,LEFT
-0.6896034544850125,0.16640989226775094,9.585670895500975,0.498429386732904,0.1403182022450682,0.8793102420975667,LEFT
0.21282283666694268,-0.01987606602528461,9.696382053598986,-0.1374493789428081,0.13314186522431515,-0.9043735078211261,STRAIGHT
0.06674557271237462,-0.05952219242333896,9.772962577702698,0.5116927908137006,-0.09229233162265775,-0.34909776654580454,STRAIGHT
1.3309204656884386,0.47384040537105526,9.26546241117507,0.23183328584044086,0.18033958784649803,0.0170659907557889,RIGHT
1.9800315825707444,1.303239020997518,7.261723646979062,0.3098557229830681,-0.31768119441281467,-0.5948333295451806,BENT
2.7730450841173537,0.7433429777329734,8.418881641644662,-0.6985789991090388,-0.06522993451968252,-0.19765273871987318,RIGHT
1.895522922387993,1.1330406746256867,9.107413594585923,0.7565046330019944,0.6982984457906319,0.20732399255239134,RIGHT
0.2676727462892771,-0.22593004592009633,10.000594958048179,-0.45900438111090225,0.7890187535265493,-0.5505701439887861,STRAIGHT
-1.8517122274296192,0.6389554385802754,9.078916906252482,0.15565433672144244,0.8499786872881903,0.5357715761174429,LEFT
2.0686380678391445,0.8486602367122256,8.68274986193314,0.5304068431276946,0.8202667854461849,-0.3277894986647895,RIGHT
1.6848437603735094,0.1975833568664156,8.69676586932512,-0.34369215604535003,0.4253238338911255,-0.07837103789113804,RIGHT
2.1896404359113246,0.9827222517419846,8.583883308708955,0.1202124384193929,-0.9091202169985738,-1.0368730935932686,RIGHT
1.2368661784591453,1.8418100908266464,7.654033049802343,0.44512375041825436,0.08591966989676561,0.27662560999239183,BENT
0.25948428425794073,0.022869378260737747,9.270523884756548,-0.14692351817355298,0.519697526521069,0.24833236711368734,STRAIGHT
1.9178055944973842,1.7148713710503043,8.556314241923214,0.37977323478902136,-0.4747121633628821,0.717367489832172,BENT
1.9053024296263932,0.05382983967612709,8.775357185984735,-0.7818448426727126,0.4900467675350524,0.17794468877715958,RIGHT
2.3395713877190976,0.40938635015304076,8.868220885461163,0.3659353521441478,0.16752901454205876,0.15807797859138914,RIGHT
-1.7040076574377234,0.7685026004180362,9.24098643828036,0.5209260718740144,-0.006586494261163417,-0.09526418383183881,LEFT
-2.0486684093313414,0.348863124768819,9.485918822757753,-0.2987843178834831,-0.90601945056481,0.3202667958155169,LEFT
1.4841327101017443,0.8340081517831817,9.014050667971095,-0.5544983466054618,-0.8756849782839282,-0.7637852469046631,RIGHT
-1.9275560834515544,0.5071709129854867,8.859434305714506,0.7817066794160541,-0.4092143329710007,0.766183862339058,LEFT
2.5272967581135295,0.5596707986450982,8.405225610989152,-0.6992598240325921,0.7584733948543224,0.6755679566306148,RIGHT
0.2236915289695754,0.10986312891164572,10.007542946550119,0.7986863949762574,-0.033071642436833484,-0.3265458306751682,STRAIGHT
1.8752887990622926,1.358025019427087,7.940303506792811,0.07672048797713583,0.08888946146494045,0.027038409923485673,BENT
1.2030063069846464,1.3058776658528526,8.815437256577367,0.8425071393542547,0.2814404300871774,-0.43990717675102714,BENT
0.9716704904484171,2.3945134603183944,8.110425121168285,-0.6340071036916882,0.9529706742287825,-0.23158380653639568,BENT
1.107895529480996,2.7247787861624877,7.648408621345883,-0.15627136855008225,-0.8273641382049988,0.2693990793846311,BENT
2.085730920613299,0.4098854778440687,9.077681144862499,-0.4180889407436484,-0.18992346445595445,0.08878565432001846,RIGHT
1.5780099936112506,1.196687172444964,7.634692332531236,0.3113556119501343,0.3147647921109054,-0.4021578798299962,BENT
1.6983960519411891,0.3090422830473193,9.346527980104822,0.8038204605581087,0.29108352224002904,0.07858117493440897,RIGHT
-0.0364841994304834,-0.09692575280079288,9.902920102677781,0.15422505416575738,-0.3331421002549534,-0.08884698855670009,STRAIGHT
1.9519862973403233,0.11831157961280442,8.95535906766284,-0.38550870918262486,0.16683952997269855,0.010272689443857513,RIGHT
-0.012352839972025785,0.09588830361721279,10.062355122239758,-0.32488261342413355,-0.6016004276945722,-0.5210222061215515,STRAIGHT
0.9340096512495807,0.98004228828147,8.625534607010307,0.7502856844813343,-0.038048384305979635,-0.608698059494633,BENT
1.033731363884534,1.5072166594536396,7.486810538859295,0.3906811111812552,-0.4233231244331811,-0.012328640365746895,BENT
-2.0203779249233107,0.5567695939717783,8.601463327130478,0.4915588164882738,-0.5728292855826774,-0.25224824213581654,LEFT
0.36651140869584037,0.16283035242365332,9.944620018200617,0.18436657365875986,0.19689864910812577,-0.963836289672805,STRAIGHT
-1.2415935664350632,0.607351504601307,7.982600726817811,0.9935654853350526,0.3734617345355297,0.9782091265942254,LEFT
1.3302205187430074,1.9143300953670273,8.063438823796544,0.5272158274866301,-0.2630811767737446,-0.9821462611178066,BENT
0.18507961815934487,0.006356313632318165,10.31873443042086,0.037139622041424306,0.5488124824305822,0.019150293761212203,STRAIGHT
1.618249795498838,0.8933429802316835,8.938467213059136,-0.5838897756339675,0.10838778188131455,-0.548651263816422,BENT
2.116297454113908,0.43407485124718137,7.970447153974232,-0.12718838790277495,0.10672650963990524,0.4143547176099586,RIGHT
1.52699747249891,1.6780345885413606,8.02499077270443,-0.49802489300088704,-0.26615613296489504,0.5975695899167179,BENT
-1.3808810296767842,0.2369022216468344,8.259069160393695,0.4177170441079325,0.0677012412418057,-0.8342193769513141,LEFT
1.5807071007763844,0.23399572331496282,9.213926934538364,0.6144902512445309,-0.3186538735143974,0.22919335177574213,RIGHT
-0.27639906451863816,0.04998034182354549,9.500074159673561,-0.39176109206769116,0.35062777958836355,0.09080453312675489,STRAIGHT
-2.034789104460613,0.7669962686651299,9.636407722310047,-0.10288429901483383,-0.022371590381299048,-0.6069708530786915,LEFT
2.254934359557766,1.5478010085058729,8.113339422874725,0.30365368168002,-0.10820558749629436,0.9262823643875248,BENT
-1.9293714299562683,-0.1391699439421602,9.307282886652695,0.10769825272814397,0.2541343198372948,1.9631188532181634,LEFT
-2.7127966577390517,0.7438742734692414,8.689043969656439,0.34666234516630046,-0.2141726198529309,-1.0234673433613999,LEFT
0.049835734342779464,-0.17869864677752167,9.555621562048868,-0.2731295190630203,0.6106178300334802,-0.24357901132285306,STRAIGHT
1.539650614461855,1.2425877209182434,7.621732007581135,0.3029427739786349,0.5638560040974397,0.08929525869640147,BENT
1.9122180272503924,0.700596441427372,9.039227015815579,0.6479358909315072,-0.3594161938043652,0.37250265643864056,RIGHT
-2.498296368161476,0.1303036558887678,9.483380203207261,0.8514135030046391,-0.5477167286472934,0.27303675656855564,LEFT
2.16567082338967,0.6600202553712685,8.61492518715682,-0.4904935991644593,0.4956293290960443,0.5191888273825744,RIGHT
-1.3050179656978989,0.4088720655440676,8.717985007944135,-0.21862970268884968,0.4251026835656174,-0.22723047064249022,LEFT
1.898628204231779,1.3134018483087209,8.520239897600412,-0.09525155299890567,0.16202851411078031,-0.5738456949078337,BENT
1.6778065356009861,-0.09848358574398552,9.105719128790174,0.3625997363365922,-0.39800803260793877,-0.27983134489198314,RIGHT
2.283042991372107,0.7097040860039017,9.254178411325743,-0.5587090867566981,-0.8536922412719934,-0.7767917717074035,RIGHT
-1.364464175162869,0.28786519861031634,8.582666062779866,-0.5314833280124974,-0.07223420764989665,-0.4735233289202645,LEFT
1.288408916774394,1.0773769428958988,8.811541533547661,-0.12942720018491582,0.17625248417843978,-0.2851756832068403,BENT
0.0696578660199517,-0.14649369140233087,10.032730165220954,0.6860307119748428,-0.9027786307085077,0.6869039137135522,STRAIGHT
1.3890735773736078,1.786064960304274,8.626089442404009,0.6257282109071323,0.9547093261467469,0.40494466083055836,BENT
-1.3037273731370214,-0.11473716593607997,9.32566779333294,-0.3577584096291605,-0.3657712848098287,-0.124179013206062,LEFT
2.106557622101429,1.7408473281569934,8.236018430641872,-0.10610448495057584,-0.4759592300111178,0.03874025925943127,BENT
1.771055875393339,1.8162005442646894,7.416335423237736,0.18917359780363185,0.6840649038544335,-0.1781451473023922,BENT
-2.0329873104454053,0.6351966666003964,8.827714119815884,-0.0730299425235835,0.06475022550404955,-0.1508169417676303,LEFT
-2.538248634204821,0.5663858365191597,9.257802510109524,0.1529360275480141,-0.12666516557747312,0.07332064214873119,LEFT
-2.6435817842921248,0.08086454446610264,8.766560269461598,0.5191894255096583,-0.7596730377384212,-1.4160777990552844,LEFT
0.984093767293976,1.6067947942110603,8.314701623915717,-0.5405685563988307,0.3752680577176528,0.34911041806773946,BENT
-1.7946189052120578,0.4439589826216993,9.134428467170268,0.9785872668198191,-0.013415921854529856,-0.25691930842138594,LEFT
2.382349167332337,0.1276298277917382,8.385683892569993,0.545374675995213,-0.3602074284019187,-0.38114125399865756,RIGHT
-1.6948919152053887,0.5470918882905302,8.765387492174426,0.1121082021453965,0.357304895318309,-1.024970639288739,LEFT
1.6815867751383302,-0.057315958407313405,9.638419396558222,-0.178369281629514,1.1666446608248913,0.9776150154538891,RIGHT
-0.03310563027066548,-0.13587691396127005,9.686886749259724,-0.17480749501777484,-0.5999298610897992,-0.14612760772192013,STRAIGHT
-0.1082167659355639,0.05624431029529184,9.536920864764904,-0.5573919523582577,-1.1280661537464722,-0.3315967241876794,STRAIGHT
-0.25386609930933984,0.34050293162592116,9.860698638926841,0.8159284495445545,-0.3665164977619947,0.9090309612789124,STRAIGHT
2.473992059928491,0.4594672198427485,9.101703311896399,-0.18604412072647752,-1.4217426460258877,0.010246506463012438,RIGHT
-0.8248970999971392,-0.2992996963223341,9.269177281798015,-0.8822979546385236,-0.11282835160903432,-0.04280404473562303,LEFT
-1.730933517715767,0.7491523872980262,8.573786124041222,0.5965854324875722,-0.36118136974449977,-0.33243477131199034,LEFT
2.5208623320294254,0.6750632909035663,8.948193101254624,0.28992864264756607,-0.35344628399367445,0.42777782951035603,RIGHT
-2.0891097401926184,0.0907256734346269,8.292216561873362,-0.3123183213370568,-0.09826105971369173,0.47458685321383626,LEFT
0.8759285566039183,0.8783954305550139,8.86887058946292,-0.16924698214614867,0.7480511167127799,-0.2379943011931838,RIGHT
1.8771384686930919,1.9441395919657172,8.741636621733107,-0.2832033714812428,-0.28960007886066186,-0.11248664964415754,BENT
-1.7543961672940018,0.39259118607590415,8.944241119734706,0.3698265758623357,-0.9546780437536464,0.6591511624263346,LEFT
-0.13827489948278715,0.20902690967685383,10.046992835631256,-0.5249396204463773,0.4791024586471168,-0.9832196345680245,STRAIGHT
0.8064694582065327,1.6363810760886506,7.690246898807906,0.4672138916156537,-0.1208748194467235,0.3900351486955319,BENT
1.0352270033375022,1.3764369873576927,7.850004103214085,-0.5337221727732759,-0.18547900978577764,-0.10821401413794461,BENT
1.4557338525770682,1.1413431090739168,8.620991847726064,-0.18460360022372307,-1.4534941096608207,-0.18741102831090306,BENT
-1.0312725515307881,0.4531880699920447,8.416956928401797,0.13551890038106268,-0.3345023114399087,-0.4787526416577704,LEFT
-2.085973967455638,0.44909955236563337,8.677454921145479,-0.672791700052483,0.8490464531668666,-0.4325357135855639,LEFT
0.06275318466167751,0.24213811475118058,10.12373399119818,-0.2894505161682164,-0.6469097009022107,-0.6170605675045352,STRAIGHT
-2.5011085094633625,0.27426942879408955,8.41328592375373,-0.25070107344281833,0.48765622923898944,0.25781404422197823,LEFT
-0.19080782710887162,0.022051823497781852,9.83856617701702,-0.18689080259551438,-0.4176428527953792,0.03512428910739682,STRAIGHT
1.8116497850482172,0.43810555891420133,9.242089480407301,0.5577166486905673,0.5263957784513568,0.11187415978715311,RIGHT
-2.842350346992913,-0.11940924698762567,9.61589630507035,0.5529524929586362,1.113009442883345,0.005462242786777678,LEFT
-1.907412231585043,0.6276334592552517,9.088915942320341,0.6394329066566966,-0.4761581903693985,-0.33849756922926566,LEFT
1.6841023454040505,2.0236577547670387,7.839885456240523,0.009547359978782675,-0.2601910601011977,-0.1357278677260368,BENT
-2.226552933990356,0.7684170543941413,9.360649350423746,0.8442210778730657,0.8116315927431005,0.4586575806793877,LEFT
2.3418362107084585,0.48336579136586216,9.464197414957603,-0.6344029537877611,-0.62608722373217,0.3829047456631087,RIGHT
1.6135004094646004,1.1048506636397004,7.776574516937317,0.6248094526483333,0.3896745019526662,-0.01950975968877206,BENT
2.5976103357608573,0.6434606785705274,8.975156268031926,0.6144196475362766,0.3447024683901336,0.5533188921090463,RIGHT
1.7270787070144613,0.23892313294483242,9.087644240013764,0.03857239294156318,0.8110965507747144,0.9755710241488973,RIGHT
2.35839939899475,-0.13202862741984867,9.150528710812473,0.15560794897574473,0.06655345123198146,-0.06612152706169144,RIGHT
0.04579927849186805,-0.37158029027965744,9.98097425017142,0.14907923299526282,0.3193300843215512,0.5290591625435751,STRAIGHT
2.652044230023497,1.051630527129912,9.336815358929883,-0.40464414362214546,-0.4011011421181006,-0.1876884777965439,RIGHT
-1.4174839475802714,0.12632182651563356,8.21199981783245,0.35435933675896575,-0.3800947244810432,0.1435666770614929,LEFT
1.3259232129908671,0.7767690550544426,9.254546291101173,-0.16366009813742813,-0.5760846897600094,0.08901536733968618,RIGHT
1.9680794836786415,1.5537185988991171,8.239798931188018,0.2770288855579536,-0.43085153512812907,0.015015739582041086,BENT
0.3117442425686874,-0.2174144753139026,9.669092159384528,-1.2039341634634428,-0.3978448814976381,-0.09192344036093963,STRAIGHT
1.7190268761524492,0.8043936159318235,8.672913809707948,-0.8163013728436616,0.602978008952271,0.5709266224054858,RIGHT
-0.19724489725650385,0.2837113372783701,10.05284937341853,0.6032400777075273,0.09478192821731554,-0.4963825878759103,STRAIGHT
2.2660030994109714,0.608498318374105,9.704475249946949,-0.00015683630588735604,-0.5909370627104006,0.22473695641615343,RIGHT
1.6228969593024765,0.8144630806285185,9.577884997745713,-0.01935691169017038,-0.3696753096832441,-0.3608936006172047,RIGHT
3.277343162951058,0.3073416042397187,8.658678677269467,0.042642116746675875,0.5902454389864805,1.1392009932646139,RIGHT
1.4703013336062558,1.4343183581213934,8.220299238078148,0.37824946392007813,-0.3369621733647977,-0.7626387672580333,BENT
2.4568858106927927,0.03628106399278008,9.635935591272274,0.28703561044700066,0.6997973225728967,-0.6710638742425575,RIGHT
-0.1398636415655324,0.23249165731846122,9.814070169707064,0.34849276117152844,0.16013870548554804,0.08774748398049623,STRAIGHT
0.15323920183482143,0.20208276525013114,10.167113102200789,-0.5874206541914683,0.7129473748122944,-0.28952266808407473,STRAIGHT
1.1086174986403172,0.9195574451319967,8.917066361616792,0.12479228089458462,0.3854236387042894,-0.8798796100888131,BENT
-0.11876228161374103,-0.03312628206352645,9.823573108915745,-1.064367047207406,0.22908405739434934,-0.4898606123584034,STRAIGHT
0.06161713215182812,-0.006077097901997247,9.556744659757797,1.1091717415056932,-0.48554909079215736,-1.121477687529897,STRAIGHT
0.034505356584617966,0.10217259782966355,10.533374825774752,-0.2711411688813321,-0.8983690064890266,0.7451897350964907,STRAIGHT
1.5807034235180681,0.34893301225478823,8.919039204547463,0.038476995112772604,0.7503248948665209,0.4541680805405473,RIGHT
3.0825280339033014,0.8571645783030788,9.085029612252885,0.5134931316598661,0.5529502121786545,-0.2819737440291216,RIGHT
2.2955072095658187,1.6336474598519986,7.654435481398591,0.14393294916140642,0.5310080883977688,0.08375880626502119,BENT
-2.378161712314287,0.551765057541257,9.480991099061203,0.1585734923552376,-0.022930629684510772,-0.41563538697615543,LEFT
1.884533775062335,0.7054528211994727,8.613906959648617,-0.30563469959740897,-0.5838633438051304,0.589114046441281,RIGHT
1.6743901558000185,0.48710156591212583,8.541034745031315,0.06308895183098359,-0.11123744838913269,1.023431097859779,BENT
0.1057035768789852,0.25627850979656736,10.052251627809998,-0.17784145512894278,-0.9656884303965192,0.4351244969556552,STRAIGHT
0.9941254272975766,2.1117186203358136,8.265822283459642,-0.2947836919962006,-0.11716745552103178,0.4037223590041758,BENT
-0.052928537260144994,-0.27261566897953876,9.607880696282418,-0.4086477304403212,-0.38261118300234637,0.0031422624459366065,STRAIGHT
1.6776793309162688,1.9405291830943048,8.433272655725062,0.6731128781013741,0.2611253180088893,-0.04895762322145203,BENT
1.3808810401822844,1.029318594187013,8.192531611339616,-0.1674242418023902,0.24954489752666129,0.2817299770916195,BENT
-0.30887547066967724,0.026454558099484268,9.622247130436122,0.11748893740812345,-0.6081629163975495,-0.10508345389595075,STRAIGHT
-2.4295137694343545,0.7440644119911651,8.33404303194842,0.7100884813466867,-0.17194109740633132,0.28751651755450913,LEFT
1.5075276198962393,1.0313382610729753,9.047861438905432,0.9486443473865558,0.0783468641232623,0.5117653220926723,BENT
0.1216731085789675,0.10486520719958106,9.81714090654838,0.46209773299510065,-0.9806638280838172,-0.2821973207533516,STRAIGHT
1.7560033418963874,0.7462900653105202,8.344958033017331,0.05980013133355215,0.15958014504599524,0.0655103810393491,RIGHT
1.88807873067412,1.0180257595087845,8.773769606796947,-0.36426077700717635,0.8907683409835223,-0.5026530117407333,BENT
1.4947008900355434,0.3454344818575272,9.612078079545341,0.3324635811508705,-0.46228205718904997,-0.7987995847977161,RIGHT
-0.25228379835028014,0.10146820437857491,9.519596386855024,0.10572887693361793,0.5577333415476058,-0.33272696651544825,STRAIGHT
-0.17949831263344193,-0.26243649550555653,9.950814467531977,-0.17414672679072857,-0.24802615626987218,0.29782202878485975,STRAIGHT
0.2731677211112928,0.14897928368941948,9.748909710346814,0.019780379127281044,0.26528330226886715,-0.2608044559270112,STRAIGHT
2.8560201420089464,-0.024290952948478495,9.173908025822756,0.23771534126331173,-0.39777853397044116,0.2121969689305063,RIGHT
-1.0157618457867275,0.36440930311565317,9.455493909709443,0.9851292243170685,0.08286668043245864,-0.2750663750601457,LEFT
-2.5005311066922165,0.4148945918965542,9.547239392705524,-0.5843705142465632,-1.313532678404083,-0.2607005459093763,LEFT
1.4288247300032246,1.707945375919925,8.571656064771458,-0.6107475315332827,-0.30822617265052354,-0.5018306058359011,BENT
2.3394734938811164,0.256279295318774,8.980388263664786,-0.08018004052241538,0.16542565230778888,0.725500719065668,RIGHT
1.9736836583846764,1.1720537819864991,7.550402240843831,-0.18702982479564242,-0.549045646718008,0.019577295906562257,BENT
-0.07962840211769401,-0.12238442428235403,10.342854475555583,-0.737118639447705,-0.9237041922639575,0.059778462299242364,STRAIGHT
1.8344891747286118,1.4307387592801208,8.042654553150808,-0.09910694922108011,-0.3394308967428873,-0.15567571338801267,BENT
-2.0565640262578704,0.11023509096625272,9.093114697176066,-0.3783819885079632,-1.0949608524892767,0.5972961102568654,LEFT
0.15008931417747473,-0.2602646157811291,9.78689989407792,-0.8944947063985024,0.11396483500497646,-0.48940460539953057,STRAIGHT
2.626544458651038,0.6175011846845815,9.623519227799155,-0.21937296002414672,0.07217173364834695,0.41332076769494824,RIGHT
-2.1917305228788266,0.3789896979960532,8.797980539527885,0.636837123952347,1.0059129982213133,-0.6845682686747323,LEFT
0.38407350042885224,-0.24457900391111279,9.821376124973268,-0.6467538126020479,-0.347847438598532,-0.4590634917082874,STRAIGHT
2.6158841147447465,0.007861592883077528,9.39936912924887,-0.1545769056782566,-0.5562891510055252,-0.5151532366471694,RIGHT
-0.02147095814280329,0.19988380653558224,10.37098780631815,0.3770379665790447,0.2398398697549816,0.09947484824165476,STRAIGHT
1.166545542036619,1.7697797609614674,8.373832623203713,-0.4607526980119115,-0.195739975044096,-0.07966771234790174,BENT
1.1704258052112002,1.2123562194203257,9.224906047892961,0.000341409478741314,0.3910650007657296,-0.39544969083377657,BENT
3.0060170654803056,0.540851864919448,9.071084178012079,0.3186692738838645,-0.7701687465606978,-0.6968966832350116,RIGHT
0.15202367525127225,0.2108824224438823,9.771407083685196,0.20846475163240827,0.19098322876204749,-0.41073476451482505,STRAIGHT
0.38524151254651556,-0.20956441082553845,9.555648736771518,0.6921622090771249,-0.18740219224753585,-0.22531064203744752,STRAIGHT
1.582838477254209,0.7292089344718579,8.382879393916141,-0.31637751494251953,0.29822056879087633,-0.31714292384470155,RIGHT
2.242128783297151,0.6601238311224719,9.44753026148257,-0.37183080668338275,0.2013611084364102,-0.4555869881754144,RIGHT
1.2459060728230358,0.1529064574573124,8.9907900582214,-0.36433903347289537,-0.1460042727565129,-0.2270167901597219,RIGHT
1.8202556048981902,1.2511388681806321,9.312050402349527,0.042029217918467844,0.15628108672887128,0.20355270772303374,RIGHT
2.2223869039157975,0.25230389515935736,9.059745392908475,0.18207014802733068,0.003589233453970971,-1.0432388291855423,RIGHT
1.6236223254376112,0.2633490315089382,8.843071598994904,-0.08719815917239893,-0.41594062171193713,-0.054616215093272365,RIGHT
1.9812191408823698,1.8101694932357497,8.60843398476613,-0.2131342783382126,0.20095947758696148,-0.3609816635625646,BENT
-1.8847805561447484,0.30318747805730706,9.58961864005844,0.6657940162438497,0.3971227955004836,-0.21293079320079886,LEFT
0.238341499421413,-0.016743591969842403,9.464136161485051,-0.19676492798486442,0.0893473584052378,0.6146073921485252,STRAIGHT
2.084513711014095,0.762434084693888,8.085171365635784,-0.9676152924038788,-0.382640030971671,-1.198749435564829,BENT
1.5108388962040284,0.9220342567364115,9.144566209508792,0.30411444765365603,-0.11047113075238027,-0.46407131913952526,RIGHT
1.2943667789144562,1.4166643383737778,8.654810565709502,-0.18845516220492445,0.3795451976941985,-0.5190442519081434,BENT
1.4438499764378654,1.6230450672756787,7.937716493116474,0.6761013394335722,0.2120334307592256,0.019723524120369745,BENT
1.5755385428523656,0.8303257204744385,8.015151472014455,-0.1825491113703318,-0.25540641288480576,-0.020469664309419,BENT
1.431131002094304,0.5073222018599486,9.085930602446641,-0.2808912474150075,-0.7767138992333964,0.8729356680675785,RIGHT
0.2482784662626378,-0.06979641021366705,9.54725075258999,0.20159560538026097,0.10116340744207064,0.2710449624001867,STRAIGHT
1.817270275287471,1.4511771471514892,7.971075806908755,-0.07968111607295328,-0.18529138120039143,-0.6740235559700836,BENT
0.025786838249562974,-0.18905053161549543,9.255792095567555,0.05385207389586539,0.2756972747956986,0.3513461924093824,STRAIGHT
-1.9252902632454016,0.4134823399099103,8.952023490549411,0.3702035611886186,0.01695039206272999,-0.5209237727202644,LEFT
1.551016957748204,1.410731531410632,7.712214717038525,0.38765710525982344,0.14152241006823987,0.08446449568542706,BENT
2.0011370537709934,1.3207101534799401,7.853874835367051,-0.9844615712080416,0.05171906465405319,1.021038020071872,BENT
-1.647911438759432,0.8363344639847353,9.014924469864864,-0.24983766247399025,0.323633743220244,-0.9293636855468356,LEFT
1.5993095731645783,0.8497602533362193,8.34420557435803,-0.2813460122201164,-0.7105765700728106,-0.2585685402243812,BENT
-2.669580867768241,0.5479230101152235,8.728993171246481,-0.05549348588586748,-0.3088387443807986,-0.6235978021467152,LEFT
-0.41511760181570667,-0.017213938558178613,9.75490386191844,-0.16334810659318202,-0.5212888473352881,-0.58611687671832,STRAIGHT
-0.19675878353816442,0.19815961767044152,9.772297591102445,-0.6453944330752963,-0.3184297934643036,0.20983012240603274,STRAIGHT
-1.2150667818700165,0.5205911145283146,8.744307775487947,-0.4454448059710293,-0.42610081566079183,-0.7313831535555604,LEFT
1.8307100096305227,0.9739820323830339,9.656809686017978,0.37681214263599216,-0.11756316627455585,-0.6807361680663646,RIGHT
2.327487792110845,0.7432395936775129,8.60245493006606,0.2100957714474958,-0.4282491187045995,0.0488351883741677,RIGHT
